did,pid,start_time,pro_time,finish_time
1,19.0,0.0,9.0,9.0
1,44.0,10.0,9.0,19.0
1,40.0,20.0,9.0,29.0
1,20.0,30.0,9.0,39.0
1,62.0,40.0,9.0,49.0
1,85.0,50.0,9.0,59.0
1,67.0,60.0,9.0,69.0
1,11.0,70.0,9.0,79.0
1,86.0,80.0,9.0,89.0
1,90.0,90.0,9.0,99.0
1,33.0,100.0,9.0,109.0
1,83.0,110.0,9.0,119.0
1,25.0,120.0,9.0,129.0
1,64.0,130.0,9.0,139.0
1,73.0,140.0,9.0,149.0
1,32.0,150.0,9.0,159.0
1,5.0,160.0,9.0,169.0
1,63.0,170.0,9.0,179.0
1,71.0,180.0,9.0,189.0
1,10.0,190.0,9.0,199.0
2,27.0,0.0,3.0,3.0
2,1.0,4.0,3.0,7.0
2,77.0,8.0,3.0,11.0
2,34.0,12.0,3.0,15.0
2,54.0,16.0,3.0,19.0
2,9.0,20.0,3.0,23.0
2,79.0,24.0,3.0,27.0
2,37.0,28.0,3.0,31.0
2,22.0,32.0,3.0,35.0
2,45.0,36.0,3.0,39.0
2,24.0,40.0,3.0,43.0
2,2.0,44.0,3.0,47.0
2,58.0,48.0,3.0,51.0
2,59.0,52.0,3.0,55.0
2,87.0,56.0,3.0,59.0
2,15.0,60.0,3.0,63.0
2,72.0,64.0,3.0,67.0
2,3.0,68.0,3.0,71.0
2,75.0,72.0,3.0,75.0
2,47.0,76.0,3.0,79.0
2,80.0,80.0,3.0,83.0
2,38.0,84.0,3.0,87.0
2,36.0,88.0,3.0,91.0
2,71.0,193.0,3.0,196.0
2,67.0,197.0,3.0,200.0
2,64.0,201.0,3.0,204.0
2,46.0,205.0,3.0,208.0
2,86.0,209.0,3.0,212.0
2,33.0,213.0,3.0,216.0
2,10.0,217.0,3.0,220.0
3,30.0,0.0,5.0,5.0
3,56.0,6.0,5.0,11.0
3,52.0,12.0,5.0,17.0
3,21.0,18.0,5.0,23.0
3,12.0,24.0,5.0,29.0
3,76.0,30.0,5.0,35.0
3,88.0,36.0,5.0,41.0
3,14.0,42.0,5.0,47.0
3,82.0,48.0,5.0,53.0
3,66.0,54.0,5.0,59.0
3,61.0,60.0,5.0,65.0
3,42.0,66.0,5.0,71.0
3,4.0,72.0,5.0,77.0
3,48.0,78.0,5.0,83.0
3,8.0,84.0,5.0,89.0
3,2.0,90.0,5.0,95.0
3,79.0,96.0,5.0,101.0
3,75.0,102.0,5.0,107.0
3,3.0,108.0,5.0,113.0
3,25.0,114.0,5.0,119.0
3,41.0,120.0,5.0,125.0
3,73.0,126.0,5.0,131.0
3,37.0,132.0,5.0,137.0
3,85.0,138.0,5.0,143.0
3,87.0,144.0,5.0,149.0
3,90.0,150.0,5.0,155.0
3,72.0,156.0,5.0,161.0
3,47.0,162.0,5.0,167.0
3,31.0,168.0,5.0,173.0
3,36.0,174.0,5.0,179.0
4,41.0,0.0,4.0,4.0
4,28.0,5.0,4.0,9.0
4,13.0,10.0,4.0,14.0
4,69.0,15.0,4.0,19.0
4,29.0,20.0,4.0,24.0
4,57.0,25.0,4.0,29.0
4,51.0,30.0,4.0,34.0
4,65.0,35.0,4.0,39.0
4,89.0,40.0,4.0,44.0
4,58.0,55.0,4.0,59.0
4,62.0,60.0,4.0,64.0
4,42.0,65.0,4.0,69.0
4,82.0,70.0,4.0,74.0
4,40.0,75.0,4.0,79.0
4,12.0,80.0,4.0,84.0
4,45.0,85.0,4.0,89.0
4,35.0,90.0,4.0,94.0
4,43.0,95.0,4.0,99.0
4,63.0,184.0,4.0,188.0
4,66.0,189.0,4.0,193.0
4,44.0,194.0,4.0,198.0
4,59.0,199.0,4.0,203.0
4,24.0,204.0,4.0,208.0
4,38.0,209.0,4.0,213.0
4,90.0,214.0,4.0,218.0
4,2.0,219.0,4.0,223.0
4,86.0,224.0,4.0,228.0
4,4.0,229.0,4.0,233.0
4,67.0,234.0,4.0,238.0
4,87.0,239.0,4.0,243.0
5,7.0,0.0,4.0,4.0
5,18.0,5.0,4.0,9.0
5,6.0,10.0,4.0,14.0
5,17.0,15.0,4.0,19.0
5,53.0,20.0,4.0,24.0
5,78.0,25.0,4.0,29.0
5,84.0,30.0,4.0,34.0
5,68.0,35.0,4.0,39.0
5,50.0,40.0,4.0,44.0
5,39.0,45.0,4.0,49.0
5,10.0,50.0,4.0,54.0
5,8.0,92.0,4.0,96.0
5,61.0,97.0,4.0,101.0
5,51.0,102.0,4.0,106.0
5,89.0,107.0,4.0,111.0
5,88.0,112.0,4.0,116.0
5,32.0,117.0,4.0,121.0
5,83.0,122.0,4.0,126.0
5,76.0,127.0,4.0,131.0
5,30.0,132.0,4.0,136.0
5,82.0,137.0,4.0,141.0
5,59.0,142.0,4.0,146.0
5,87.0,154.0,4.0,158.0
5,64.0,159.0,4.0,163.0
5,42.0,164.0,4.0,168.0
5,25.0,169.0,4.0,173.0
5,90.0,174.0,4.0,178.0
5,2.0,179.0,4.0,183.0
5,75.0,184.0,4.0,188.0
5,63.0,207.0,4.0,211.0
6,74.0,0.0,4.0,4.0
6,81.0,5.0,4.0,9.0
6,16.0,10.0,4.0,14.0
6,49.0,15.0,4.0,19.0
6,23.0,20.0,4.0,24.0
6,55.0,25.0,4.0,29.0
6,80.0,87.0,4.0,91.0
6,48.0,92.0,4.0,96.0
6,34.0,97.0,4.0,101.0
6,13.0,102.0,4.0,106.0
6,14.0,107.0,4.0,111.0
6,15.0,112.0,4.0,116.0
6,17.0,117.0,4.0,121.0
6,1.0,122.0,4.0,126.0
6,11.0,127.0,4.0,131.0
6,68.0,132.0,4.0,136.0
6,9.0,137.0,4.0,141.0
6,19.0,142.0,4.0,146.0
6,20.0,147.0,4.0,151.0
6,84.0,152.0,4.0,156.0
6,66.0,198.0,4.0,202.0
6,71.0,203.0,4.0,207.0
6,47.0,208.0,4.0,212.0
6,62.0,213.0,4.0,217.0
6,45.0,218.0,4.0,222.0
6,69.0,223.0,4.0,227.0
6,3.0,228.0,4.0,232.0
6,33.0,233.0,4.0,237.0
6,67.0,243.0,4.0,247.0
6,59.0,248.0,4.0,252.0
7,26.0,0.0,7.0,7.0
7,60.0,8.0,7.0,15.0
7,52.0,16.0,7.0,23.0
7,56.0,24.0,7.0,31.0
7,49.0,32.0,7.0,39.0
7,78.0,40.0,7.0,47.0
7,28.0,48.0,7.0,55.0
7,39.0,56.0,7.0,63.0
7,57.0,64.0,7.0,71.0
7,29.0,72.0,7.0,79.0
7,6.0,80.0,7.0,87.0
7,17.0,124.0,7.0,131.0
7,83.0,132.0,7.0,139.0
7,37.0,140.0,7.0,147.0
7,12.0,148.0,7.0,155.0
7,1.0,156.0,7.0,163.0
7,44.0,200.0,7.0,207.0
7,11.0,208.0,7.0,215.0
7,36.0,216.0,7.0,223.0
7,64.0,224.0,7.0,231.0
8,65.0,0.0,4.0,4.0
8,18.0,12.0,4.0,16.0
8,26.0,17.0,4.0,21.0
8,81.0,22.0,4.0,26.0
8,77.0,27.0,4.0,31.0
8,27.0,32.0,4.0,36.0
8,41.0,130.0,4.0,134.0
8,15.0,135.0,4.0,139.0
8,51.0,140.0,4.0,144.0
8,49.0,145.0,4.0,149.0
8,73.0,150.0,4.0,154.0
8,72.0,163.0,4.0,167.0
8,56.0,168.0,4.0,172.0
8,30.0,173.0,4.0,177.0
8,14.0,178.0,4.0,182.0
8,8.0,183.0,4.0,187.0
8,46.0,188.0,4.0,192.0
8,34.0,193.0,4.0,197.0
8,63.0,198.0,4.0,202.0
8,85.0,203.0,4.0,207.0
8,76.0,208.0,4.0,212.0
8,1.0,213.0,4.0,217.0
8,61.0,218.0,4.0,222.0
8,17.0,223.0,4.0,227.0
8,62.0,228.0,4.0,232.0
8,45.0,233.0,4.0,237.0
8,12.0,238.0,4.0,242.0
8,11.0,243.0,4.0,247.0
8,86.0,248.0,4.0,252.0
8,37.0,253.0,4.0,257.0
9,70.0,0.0,7.0,7.0
9,65.0,41.0,7.0,48.0
9,88.0,49.0,7.0,56.0
9,78.0,57.0,7.0,64.0
9,48.0,100.0,7.0,107.0
9,13.0,109.0,7.0,116.0
9,35.0,117.0,7.0,124.0
9,81.0,125.0,7.0,132.0
9,9.0,144.0,7.0,151.0
9,26.0,152.0,7.0,159.0
9,89.0,160.0,7.0,167.0
9,8.0,168.0,7.0,175.0
9,82.0,176.0,7.0,183.0
9,49.0,184.0,7.0,191.0
9,3.0,236.0,7.0,243.0
9,44.0,244.0,7.0,251.0
9,40.0,252.0,7.0,259.0
9,51.0,260.0,7.0,267.0
9,42.0,268.0,7.0,275.0
9,61.0,276.0,7.0,283.0
10,35.0,0.0,4.0,4.0
10,46.0,5.0,4.0,9.0
10,50.0,46.0,4.0,50.0
10,23.0,51.0,4.0,55.0
10,22.0,56.0,4.0,60.0
10,70.0,61.0,4.0,65.0
10,40.0,66.0,4.0,70.0
10,74.0,71.0,4.0,75.0
10,68.0,76.0,4.0,80.0
10,28.0,81.0,4.0,85.0
10,77.0,86.0,4.0,90.0
10,80.0,91.0,4.0,95.0
10,13.0,96.0,4.0,100.0
10,56.0,174.0,4.0,178.0
10,10.0,179.0,4.0,183.0
10,78.0,184.0,4.0,188.0
10,34.0,202.0,4.0,206.0
10,73.0,207.0,4.0,211.0
10,65.0,212.0,4.0,216.0
10,4.0,217.0,4.0,221.0
10,66.0,222.0,4.0,226.0
10,83.0,227.0,4.0,231.0
10,48.0,232.0,4.0,236.0
10,89.0,237.0,4.0,241.0
10,71.0,242.0,4.0,246.0
10,41.0,247.0,4.0,251.0
10,26.0,252.0,4.0,256.0
10,88.0,257.0,4.0,261.0
10,14.0,262.0,4.0,266.0
10,75.0,267.0,4.0,271.0
